Epoch,Dice,MSE,SSIM
1,0.27911076440468985,0.02471471639681888,0.33645229897490025
