Epoch,MSE,SSIM
1,0.00017778885773378142,0.9763533634611736
2,0.0001705382456504684,0.976586927431052
3,0.00015865051759483934,0.977129253296081
4,0.00015429183574403683,0.9772353051666834
