Epoch,Dice,MSE,SSIM
1,0.6054120272417927,0.0022342449759493775,0.7367668146666845
2,0.5977065445773405,0.0022755876713979736,0.7362385963878418
3,0.5973049745744453,0.0022359299736707736,0.7408057301355094
4,0.5905669691858225,0.0023591130394766996,0.7360993000951674
5,0.592592182141673,0.002328176088334398,0.7386121263933212
6,0.5759385988502439,0.0024903974444629687,0.7344031547265025
