Epoch,Dice,MSE,SSIM
0,0.5729383872615105,0.0013312279822692472,0.8092347296282072
1,0.5747655761995424,0.0013931223982929324,0.8035490789412286
2,0.5815447413693409,0.0013571447849634178,0.8087129811253179
3,0.5814333398912739,0.0014573054776895356,0.8000319657790346
4,0.5754159258682298,0.0014408590642315511,0.8002424314964476
5,0.5768743868263922,0.0014608288573905457,0.7974643890141768
