Epoch,Dice,MSE,SSIM
1,0.6213116356011243,0.0022496048153842698,0.7725767797390918
2,0.622244815379598,0.002233845309900564,0.7750380389460936
3,0.6212832411259097,0.0021958254019626127,0.7804837314843832
