Epoch,Dice,MSE,SSIM
1,0.6027700623867477,0.0018474932013142096,0.7946507838559336
2,0.5963301661540364,0.0018605150920644512,0.792629848027973
3,0.6013535167578117,0.0018315052369503697,0.7936848637027453
4,0.6002989976130692,0.0018143852029740295,0.7933099157729447
5,0.6050743384050284,0.0018906114108842662,0.7907707493659767
6,0.5981688514603261,0.0018339972727285183,0.7936407614373265
