Epoch,Dice,MSE,SSIM
1,0.601714270524566,0.0016643777629018752,0.8163934534825621
