Epoch,Dice,MSE,SSIM
0,0.5642962045421015,0.0007715148901473817,0.9153169868436795
1,0.5727567834793317,0.0008061679350137277,0.9133755830306501
2,0.5801853156535878,0.0008631825087060545,0.9123067979162784
3,0.5756842961222592,0.0010211530188871897,0.9071701939532665
4,0.5577132163078116,0.0011461493588098752,0.8819599262364899
5,0.5633119633847168,0.0009839260391061192,0.8881209579080942
