Model,Mean Time on CPU,Std Time on CPU
VoxelMorph,0.19733362112726485,0.059230000827775846
Fourier-Net,0.24040004291704722,0.0894938204495368
Fourier-Net+,0.1482406918491636,0.08795845996075517
4xFourier-Net+,0.5282536713140351,0.2534488378542383
